OID_,NAME,STATE_NAME,STATE_FIPS,CNTY_FIPS,FIPS,lw_detection_year,DetectionDate
1147,Frederick,Virginia,51,69,51069,,
1177,Loudoun,Virginia,51,107,51107,,
1188,Clarke,Virginia,51,43,51043,,
1207,Winchester,Virginia,51,840,51840,,
1220,Boone,Kentucky,21,15,21015,,
1233,Campbell,Kentucky,21,37,21037,,
1237,Shenandoah,Virginia,51,171,51171,,
1239,Kenton,Kentucky,21,117,21117,,
1245,Fairfax,Virginia,51,59,51059,,
1252,Warren,Virginia,51,187,51187,,
1259,Fauquier,Virginia,51,61,51061,,
1271,Prince William,Virginia,51,153,51153,,
1273,Arlington,Virginia,51,13,51013,,
1284,Falls Church,Virginia,51,610,51610,,
1286,Pendleton,Kentucky,21,191,21191,,
1287,Fairfax City,Virginia,51,600,51600,,
1288,Gallatin,Kentucky,21,77,21077,,
1292,Rappahannock,Virginia,51,157,51157,,
1297,Alexandria,Virginia,51,510,51510,,
1298,Rockingham,Virginia,51,165,51165,,
1303,Page,Virginia,51,139,51139,,
1304,Bracken,Kentucky,21,23,21023,,
1305,Grant,Kentucky,21,81,21081,,
1307,Manassas Park,Virginia,51,685,51685,,
1309,Manassas,Virginia,51,683,51683,,
1311,Carroll,Kentucky,21,41,21041,,
1312,Mason,Kentucky,21,161,21161,,
1313,Greenup,Kentucky,21,89,21089,,
1316,Trimble,Kentucky,21,223,21223,,
1323,Owen,Kentucky,21,187,21187,,
1324,Lewis,Kentucky,21,135,21135,,
1331,Culpeper,Virginia,51,47,51047,,
1349,Madison,Virginia,51,113,51113,,
1354,Robertson,Kentucky,21,201,21201,,
1355,Henry,Kentucky,21,103,21103,,
1357,Stafford,Virginia,51,179,51179,,
1359,Highland,Virginia,51,91,51091,,
1360,Harrison,Kentucky,21,97,21097,,
1369,Oldham,Kentucky,21,185,21185,,
1370,Fleming,Kentucky,21,69,21069,,
1380,Carter,Kentucky,21,43,21043,,
1384,Boyd,Kentucky,21,19,21019,,
1387,Scott,Kentucky,21,209,21209,,
1388,Augusta,Virginia,51,15,51015,,
1390,Greene,Virginia,51,79,51079,,
1392,Harrisonburg,Virginia,51,660,51660,,
1394,Nicholas,Kentucky,21,181,21181,,
1404,Orange,Virginia,51,137,51137,,
1405,Rowan,Kentucky,21,205,21205,,
1408,Jefferson,Kentucky,21,111,21111,2020,2/1/2021 0:00
1409,Spotsylvania,Virginia,51,177,51177,,
1410,King George,Virginia,51,99,51099,,
1412,Franklin,Kentucky,21,73,21073,,
1413,Bourbon,Kentucky,21,17,21017,,
1414,Shelby,Kentucky,21,211,21211,,
1418,Fredericksburg,Virginia,51,630,51630,,
1419,Bath,Kentucky,21,11,21011,,
1423,Westmoreland,Virginia,51,193,51193,,
1424,Albemarle,Virginia,51,3,51003,,
1425,Lawrence,Kentucky,21,127,21127,,
1426,Elliott,Kentucky,21,63,21063,,
1427,Bath,Virginia,51,17,51017,,
1443,Caroline,Virginia,51,33,51033,,
1451,Fayette,Kentucky,21,67,21067,,
1454,Meade,Kentucky,21,163,21163,,
1455,Montgomery,Kentucky,21,173,21173,,
1456,Woodford,Kentucky,21,239,21239,,
1457,Staunton,Virginia,51,790,51790,,
1462,Essex,Virginia,51,57,51057,,
1465,Spencer,Kentucky,21,215,21215,,
1467,Louisa,Virginia,51,109,51109,,
1472,Anderson,Kentucky,21,5,21005,,
1474,Morgan,Kentucky,21,175,21175,,
1475,Bullitt,Kentucky,21,29,21029,,
1476,Clark,Kentucky,21,49,21049,,
1477,Richmond,Virginia,51,159,51159,,
1479,Waynesboro,Virginia,51,820,51820,,
1481,Rockbridge,Virginia,51,163,51163,,
1486,Charlottesville,Virginia,51,540,51540,,
1487,Menifee,Kentucky,21,165,21165,,
1489,Breckinridge,Kentucky,21,27,21027,,
1490,Nelson,Virginia,51,125,51125,,
1494,Accomack,Virginia,51,1,51001,,
1495,Northumberland,Virginia,51,133,51133,,
1498,Hardin,Kentucky,21,93,21093,2020,2/1/2021 0:00
1499,Hanover,Virginia,51,85,51085,,
1500,Fluvanna,Virginia,51,65,51065,,
1502,Johnson,Kentucky,21,115,21115,,
1503,Jessamine,Kentucky,21,113,21113,,
1505,Hancock,Kentucky,21,91,21091,,
1506,Nelson,Kentucky,21,179,21179,,
1509,King and Queen,Virginia,51,97,51097,,
1510,Henderson,Kentucky,21,101,21101,,
1512,Mercer,Kentucky,21,167,21167,,
1514,Martin,Kentucky,21,159,21159,,
1515,Alleghany,Virginia,51,5,51005,,
1517,Powell,Kentucky,21,197,21197,,
1518,Daviess,Kentucky,21,59,21059,,
1520,Madison,Kentucky,21,151,21151,,
1522,King William,Virginia,51,101,51101,,
1525,Washington,Kentucky,21,229,21229,,
1526,Goochland,Virginia,51,75,51075,,
1528,Union,Kentucky,21,225,21225,,
1534,Magoffin,Kentucky,21,153,21153,,
1538,Wolfe,Kentucky,21,237,21237,,
1539,Estill,Kentucky,21,65,21065,,
1540,Lancaster,Virginia,51,103,51103,,
1542,Garrard,Kentucky,21,79,21079,,
1545,Amherst,Virginia,51,9,51009,,
1547,Covington,Virginia,51,580,51580,,
1549,Lexington,Virginia,51,678,51678,,
1551,Botetourt,Virginia,51,23,51023,,
1552,Buckingham,Virginia,51,29,51029,,
1554,Middlesex,Virginia,51,119,51119,,
1556,Floyd,Kentucky,21,71,21071,,
1557,Pike,Kentucky,21,195,21195,,
1558,Cumberland,Virginia,51,49,51049,,
1559,Buena Vista,Virginia,51,530,51530,,
1562,Ohio,Kentucky,21,183,21183,,
1566,Larue,Kentucky,21,123,21123,,
1570,Marion,Kentucky,21,155,21155,,
1573,Lee,Kentucky,21,129,21129,,
1574,Boyle,Kentucky,21,21,21021,,
1575,Henrico,Virginia,51,87,51087,,
1577,Breathitt,Kentucky,21,25,21025,,
1578,Powhatan,Virginia,51,145,51145,,
1579,McLean,Kentucky,21,149,21149,,
1581,Craig,Virginia,51,45,51045,,
1582,Webster,Kentucky,21,233,21233,,
1587,Lincoln,Kentucky,21,137,21137,,
1590,New Kent,Virginia,51,127,51127,,
1592,Grayson,Kentucky,21,85,21085,,
1593,Bedford,Virginia,51,19,51019,,
1596,Richmond City,Virginia,51,760,51760,,
1605,Gloucester,Virginia,51,73,51073,,
1608,Jackson,Kentucky,21,109,21109,,
1610,Hopkins,Kentucky,21,107,21107,,
1611,Chesterfield,Virginia,51,41,51041,,
1612,Appomattox,Virginia,51,11,51011,,
1613,Northampton,Virginia,51,131,51131,,
1614,Casey,Kentucky,21,45,21045,,
1616,Crittenden,Kentucky,21,55,21055,,
1618,Owsley,Kentucky,21,189,21189,,
1619,Rockcastle,Kentucky,21,203,21203,,
1620,Knott,Kentucky,21,119,21119,,
1621,Buchanan,Virginia,51,27,51027,,
1622,Mathews,Virginia,51,115,51115,,
1623,Amelia,Virginia,51,7,51007,,
1624,Charles City,Virginia,51,36,51036,,
1628,Taylor,Kentucky,21,217,21217,,
1629,Giles,Virginia,51,71,51071,,
1632,Lynchburg,Virginia,51,680,51680,,
1635,Green,Kentucky,21,87,21087,2020,2/1/2021 0:00
1637,James City,Virginia,51,95,51095,,
1639,Hart,Kentucky,21,99,21099,2021,
1640,Perry,Kentucky,21,193,21193,,
1641,Campbell,Virginia,51,31,51031,,
1645,Livingston,Kentucky,21,139,21139,,
1646,Muhlenberg,Kentucky,21,177,21177,,
1647,Roanoke,Virginia,51,161,51161,,
1648,Prince Edward,Virginia,51,147,51147,,
1649,Butler,Kentucky,21,31,21031,,
1658,Caldwell,Kentucky,21,33,21033,2021,
1659,York,Virginia,51,199,51199,,
1660,Montgomery,Virginia,51,121,51121,,
1662,Pulaski,Kentucky,21,199,21199,,
1663,Clay,Kentucky,21,51,21051,,
1664,Bedford City,Virginia,51,515,51515,,
1667,Tazewell,Virginia,51,185,51185,,
1670,Edmonson,Kentucky,21,61,21061,,
1671,Laurel,Kentucky,21,125,21125,,
1672,Prince George,Virginia,51,149,51149,,
1673,Roanoke City,Virginia,51,770,51770,,
1674,Hopewell,Virginia,51,670,51670,,
1675,Leslie,Kentucky,21,131,21131,,
1676,Salem,Virginia,51,775,51775,,
1677,Adair,Kentucky,21,1,21001,,
1679,Bland,Virginia,51,21,51021,,
1680,Dickenson,Virginia,51,51,51051,,
1682,Nottoway,Virginia,51,135,51135,,
1683,Colonial Heights,Virginia,51,570,51570,,
1684,Williamsburg,Virginia,51,830,51830,,
1687,Dinwiddie,Virginia,51,53,51053,,
1688,Letcher,Kentucky,21,133,21133,,
1690,Charlotte,Virginia,51,37,51037,,
1691,Surry,Virginia,51,181,51181,,
1692,Petersburg,Virginia,51,730,51730,,
1693,Pulaski,Virginia,51,155,51155,,
1694,Newport News,Virginia,51,700,51700,,
1695,Franklin,Virginia,51,67,51067,,
1696,Ballard,Kentucky,21,7,21007,,
1697,McCracken,Kentucky,21,145,21145,,
1698,Wise,Virginia,51,195,51195,,
1699,Warren,Kentucky,21,227,21227,2021,
1700,Russell,Kentucky,21,207,21207,,
1701,Lyon,Kentucky,21,143,21143,,
1702,Metcalfe,Kentucky,21,169,21169,,
1703,Poquoson,Virginia,51,735,51735,,
1704,Barren,Kentucky,21,9,21009,2020,9/15/2020 0:00
1705,Christian,Kentucky,21,47,21047,2019,1/2/2019 5:00
1706,Radford,Virginia,51,750,51750,,
1707,Isle of Wight,Virginia,51,93,51093,,
1708,Russell,Virginia,51,167,51167,,
1710,Floyd,Virginia,51,63,51063,,
1711,Lunenburg,Virginia,51,111,51111,,
1712,Sussex,Virginia,51,183,51183,,
1713,Hampton,Virginia,51,650,51650,,
1717,Todd,Kentucky,21,219,21219,2019,1/2/2019 5:00
1718,Logan,Kentucky,21,141,21141,2019,1/2/2019 5:00
1719,Wythe,Virginia,51,197,51197,,
1721,Marshall,Kentucky,21,157,21157,,
1724,Knox,Kentucky,21,121,21121,,
1725,Halifax,Virginia,51,83,51083,,
1726,Brunswick,Virginia,51,25,51025,,
1727,Harlan,Kentucky,21,95,21095,,
1728,Smyth,Virginia,51,173,51173,,
1729,Trigg,Kentucky,21,221,21221,2020,9/15/2020 0:00
1746,Wayne,Kentucky,21,231,21231,,
1749,Southampton,Virginia,51,175,51175,,
1756,Whitley,Kentucky,21,235,21235,,
1757,Carlisle,Kentucky,21,39,21039,,
1758,Norfolk,Virginia,51,710,51710,,
1759,McCreary,Kentucky,21,147,21147,,
1760,Bell,Kentucky,21,13,21013,,
1761,Norton,Virginia,51,720,51720,,
1762,Graves,Kentucky,21,83,21083,,
1763,Cumberland,Kentucky,21,57,21057,,
1764,Allen,Kentucky,21,3,21003,2020,2/1/2021 0:00
1765,Virginia Beach,Virginia,51,810,51810,,
1766,Carroll,Virginia,51,35,51035,,
1768,Washington,Virginia,51,191,51191,,
1770,Suffolk,Virginia,51,800,51800,,
1772,Greensville,Virginia,51,81,51081,,
1773,Mecklenburg,Virginia,51,117,51117,,
1774,Lee,Virginia,51,105,51105,,
1775,Simpson,Kentucky,21,213,21213,2020,11/6/2020 0:00
1776,Scott,Virginia,51,169,51169,2021,
1777,Clinton,Kentucky,21,53,21053,,
1779,Patrick,Virginia,51,141,51141,,
1781,Chesapeake,Virginia,51,550,51550,,
1783,Henry,Virginia,51,89,51089,,
1784,Monroe,Kentucky,21,171,21171,,
1785,Portsmouth,Virginia,51,740,51740,,
1789,Grayson,Virginia,51,77,51077,,
1791,Hickman,Kentucky,21,105,21105,,
1793,Calloway,Kentucky,21,35,21035,,
1795,Emporia,Virginia,51,595,51595,,
1796,Martinsville,Virginia,51,690,51690,,
1797,Galax,Virginia,51,640,51640,,
1798,Franklin City,Virginia,51,620,51620,,
1799,Stewart,Tennessee,47,161,47161,2020,12/3/2020 0:00
1801,Robertson,Tennessee,47,147,47147,2019,1/2/2019 5:00
1802,Sumner,Tennessee,47,165,47165,,
1803,Montgomery,Tennessee,47,125,47125,2019,1/2/2019 5:00
1804,Macon,Tennessee,47,111,47111,,
1806,Clay,Tennessee,47,27,47027,,
1807,Pickett,Tennessee,47,137,47137,,
1808,Bristol,Virginia,51,520,51520,,
1809,Sullivan,Tennessee,47,163,47163,2020,12/3/2020 0:00
1810,Johnson,Tennessee,47,91,47091,,
1812,Scott,Tennessee,47,151,47151,,
1814,Hancock,Tennessee,47,67,47067,,
1815,Claiborne,Tennessee,47,25,47025,,
1816,Campbell,Tennessee,47,13,47013,,
1819,Hawkins,Tennessee,47,73,47073,,
1820,Ashe,North Carolina,37,9,37009,,
1821,Fentress,Tennessee,47,49,47049,,
1822,Alleghany,North Carolina,37,5,37005,,
1823,Surry,North Carolina,37,171,37171,,
1824,Fulton,Kentucky,21,75,21075,,
1826,Currituck,North Carolina,37,53,37053,,
1827,Northampton,North Carolina,37,131,37131,,
1828,Hertford,North Carolina,37,91,37091,,
1829,Camden,North Carolina,37,29,37029,,
1830,Gates,North Carolina,37,73,37073,,
1831,Warren,North Carolina,37,185,37185,,
1832,Stokes,North Carolina,37,169,37169,,
1833,Caswell,North Carolina,37,33,37033,,
1834,Rockingham,North Carolina,37,157,37157,,
1835,Granville,North Carolina,37,77,37077,,
1836,Person,North Carolina,37,145,37145,,
1837,Vance,North Carolina,37,181,37181,,
1838,Overton,Tennessee,47,133,47133,,
1839,Jackson,Tennessee,47,87,47087,,
1841,Halifax,North Carolina,37,83,37083,,
1843,Pasquotank,North Carolina,37,139,37139,,
1844,Carter,Tennessee,47,19,47019,,
1845,Lake,Tennessee,47,95,47095,,
1846,Obion,Tennessee,47,131,47131,,
1847,Weakley,Tennessee,47,183,47183,,
1848,Henry,Tennessee,47,79,47079,,
1849,Trousdale,Tennessee,47,169,47169,,
1852,Clay,Arkansas,5,21,5021,,
1855,Baxter,Arkansas,5,5,5005,,
1856,Fulton,Arkansas,5,49,5049,,
1857,Sharp,Arkansas,5,135,5135,,
1858,Randolph,Arkansas,5,121,5121,,
1859,Benton,Arkansas,5,7,5007,,
1860,Marion,Arkansas,5,89,5089,,
1861,Carroll,Arkansas,5,15,5015,,
1862,Boone,Arkansas,5,9,5009,,
1865,Cheatham,Tennessee,47,21,47021,2019,1/2/2019 5:00
1866,Washington,Tennessee,47,179,47179,,
1867,Union,Tennessee,47,173,47173,,
1869,Wilkes,North Carolina,37,193,37193,,
1871,Smith,Tennessee,47,159,47159,,
1872,Grainger,Tennessee,47,57,47057,,
1873,Greene,Tennessee,47,59,47059,,
1874,Davidson,Tennessee,47,37,47037,2020,12/3/2020 0:00
1875,Watauga,North Carolina,37,189,37189,,
1876,Perquimans,North Carolina,37,143,37143,,
1877,Houston,Tennessee,47,83,47083,2020,12/3/2020 0:00
1878,Morgan,Tennessee,47,129,47129,,
1879,Benton,Tennessee,47,5,47005,,
1880,Wilson,Tennessee,47,189,47189,,
1881,Hamblen,Tennessee,47,63,47063,2019,1/2/2019 5:00
1882,Chowan,North Carolina,37,41,37041,,
1883,Dickson,Tennessee,47,43,47043,2019,1/2/2019 5:00
1884,Putnam,Tennessee,47,141,47141,,
1885,Madison,Arkansas,5,87,5087,,
1886,Anderson,Tennessee,47,1,47001,,
1887,Avery,North Carolina,37,11,37011,,
1888,Yadkin,North Carolina,37,197,37197,,
1889,Greene,Arkansas,5,55,5055,,
1891,Lawrence,Arkansas,5,75,5075,,
1892,Franklin,North Carolina,37,69,37069,,
1893,Izard,Arkansas,5,65,5065,,
1894,Unicoi,Tennessee,47,171,47171,,
1895,Forsyth,North Carolina,37,67,37067,,
1897,Humphreys,Tennessee,47,85,47085,2020,12/3/2020 0:00
1898,Guilford,North Carolina,37,81,37081,,
1899,Alamance,North Carolina,37,1,37001,,
1900,Bertie,North Carolina,37,15,37015,,
1901,Washington,Arkansas,5,143,5143,,
1902,Orange,North Carolina,37,135,37135,,
1903,Durham,North Carolina,37,63,37063,,
1904,Gibson,Tennessee,47,53,47053,,
1907,Dyer,Tennessee,47,45,47045,2020,12/3/2020 0:00
1908,Nash,North Carolina,37,127,37127,,
1909,Knox,Tennessee,47,93,47093,,
1910,Jefferson,Tennessee,47,89,47089,,
1911,Cocke,Tennessee,47,29,47029,,
1914,Cumberland,Tennessee,47,35,47035,,
1921,Carroll,Tennessee,47,17,47017,,
1922,Mitchell,North Carolina,37,121,37121,,
1923,Edgecombe,North Carolina,37,65,37065,,
1924,DeKalb,Tennessee,47,41,47041,,
1925,Newton,Arkansas,5,101,5101,,
1926,Searcy,Arkansas,5,129,5129,,
1927,Caldwell,North Carolina,37,27,37027,,
1928,Stone,Arkansas,5,137,5137,,
1929,Rutherford,Tennessee,47,149,47149,,
1930,White,Tennessee,47,185,47185,,
1931,Yancey,North Carolina,37,199,37199,,
1932,Martin,North Carolina,37,117,37117,,
1933,Wake,North Carolina,37,183,37183,,
1936,Roane,Tennessee,47,145,47145,,
1939,Williamson,Tennessee,47,187,47187,2019,1/2/2019 5:00
1941,Madison,North Carolina,37,115,37115,,
1942,Iredell,North Carolina,37,97,37097,,
1943,Davie,North Carolina,37,59,37059,,
1944,Sevier,Tennessee,47,155,47155,,
1945,Alexander,North Carolina,37,3,37003,,
1946,Davidson,North Carolina,37,57,37057,,
1950,Hickman,Tennessee,47,81,47081,2020,12/3/2020 0:00
1951,Mississippi,Arkansas,5,93,5093,,
1952,Crockett,Tennessee,47,33,47033,,
1953,Burke,North Carolina,37,23,37023,,
1954,Craighead,Arkansas,5,31,5031,,
1956,Cannon,Tennessee,47,15,47015,,
1957,Washington,North Carolina,37,187,37187,,
1958,Tyrrell,North Carolina,37,177,37177,,
1959,McDowell,North Carolina,37,111,37111,,
1960,Lauderdale,Tennessee,47,97,47097,2020,12/3/2020 0:00
1962,Independence,Arkansas,5,63,5063,,
1963,Randolph,North Carolina,37,151,37151,,
1964,Loudon,Tennessee,47,105,47105,,
1965,Jackson,Arkansas,5,67,5067,,
1967,Blount,Tennessee,47,9,47009,,
1968,Chatham,North Carolina,37,37,37037,,
1971,Warren,Tennessee,47,177,47177,,
1972,Decatur,Tennessee,47,39,47039,,
1973,Maury,Tennessee,47,119,47119,,
1974,Wilson,North Carolina,37,195,37195,,
1975,Rowan,North Carolina,37,159,37159,,
1976,Perry,Tennessee,47,135,47135,,
1977,Rhea,Tennessee,47,143,47143,,
1978,Van Buren,Tennessee,47,175,47175,,
1979,Pitt,North Carolina,37,147,37147,,
1980,Henderson,Tennessee,47,77,47077,,
1981,Catawba,North Carolina,37,35,37035,,
1982,Haywood,Tennessee,47,75,47075,,
1983,Buncombe,North Carolina,37,21,37021,,
1984,Johnston,North Carolina,37,101,37101,2021,
1989,Madison,Tennessee,47,113,47113,2021,
1990,Van Buren,Arkansas,5,141,5141,,
1991,Haywood,North Carolina,37,87,37087,,
1992,Bledsoe,Tennessee,47,7,47007,,
1993,Franklin,Arkansas,5,47,5047,,
1994,Johnson,Arkansas,5,71,5071,,
1995,Dare,North Carolina,37,55,37055,,
1996,Crawford,Arkansas,5,33,5033,,
1997,Meigs,Tennessee,47,121,47121,,
1999,Beaufort,North Carolina,37,13,37013,,
2000,Pope,Arkansas,5,115,5115,,
2003,Marshall,Tennessee,47,117,47117,,
2004,Cleburne,Arkansas,5,23,5023,,
2005,Coffee,Tennessee,47,31,47031,,
2006,Poinsett,Arkansas,5,111,5111,,
2007,Bedford,Tennessee,47,3,47003,,
2008,Swain,North Carolina,37,173,37173,,
2009,Monroe,Tennessee,47,123,47123,,
2010,Lewis,Tennessee,47,101,47101,,
2011,Greene,North Carolina,37,79,37079,,
2012,McMinn,Tennessee,47,107,47107,,
2015,Tipton,Tennessee,47,167,47167,,
2021,Lee,North Carolina,37,105,37105,,
2022,Rutherford,North Carolina,37,161,37161,,
2023,Chester,Tennessee,47,23,47023,,
2024,Wayne,North Carolina,37,191,37191,2020,9/15/2020 0:00
2025,Harnett,North Carolina,37,85,37085,,
2026,Sequatchie,Tennessee,47,153,47153,,
2027,Cleveland,North Carolina,37,45,37045,,
2029,Lincoln,North Carolina,37,109,37109,,
2031,Grundy,Tennessee,47,61,47061,,
2033,White,Arkansas,5,145,5145,,
2034,Jackson,North Carolina,37,99,37099,,
2035,Moore,North Carolina,37,125,37125,,
2036,Mecklenburg,North Carolina,37,119,37119,,
2037,Cabarrus,North Carolina,37,25,37025,,
2039,Montgomery,North Carolina,37,123,37123,,
2040,Stanly,North Carolina,37,167,37167,,
2041,Wayne,Tennessee,47,181,47181,,
2042,Henderson,North Carolina,37,89,37089,,
2043,Shelby,Tennessee,47,157,47157,,
2047,Hamilton,Tennessee,47,65,47065,2021,
2048,Conway,Arkansas,5,29,5029,,
2049,Lawrence,Tennessee,47,99,47099,,
2050,Giles,Tennessee,47,55,47055,,
2051,Graham,North Carolina,37,75,37075,,
2053,Sebastian,Arkansas,5,131,5131,,
2054,Cross,Arkansas,5,37,5037,,
2055,Woodruff,Arkansas,5,147,5147,,
2056,Crittenden,Arkansas,5,35,5035,,
2057,Hardeman,Tennessee,47,69,47069,,
2058,Hardin,Tennessee,47,71,47071,,
2059,Logan,Arkansas,5,83,5083,,
2060,Lenoir,North Carolina,37,107,37107,2019,1/2/2019 5:00
2061,Moore,Tennessee,47,127,47127,,
2062,Transylvania,North Carolina,37,175,37175,,
2063,Gaston,North Carolina,37,71,37071,,
2064,Fayette,Tennessee,47,47,47047,,
2066,Polk,North Carolina,37,149,37149,,
2067,McNairy,Tennessee,47,109,47109,,
2069,Lincoln,Tennessee,47,103,47103,,
2071,Faulkner,Arkansas,5,45,5045,,
2072,Franklin,Tennessee,47,51,47051,,
2073,Bradley,Tennessee,47,11,47011,,
2076,Marion,Tennessee,47,115,47115,,
2077,Macon,North Carolina,37,113,37113,,
2078,Sampson,North Carolina,37,163,37163,2011,1/2/2011 5:00
2080,Pamlico,North Carolina,37,137,37137,,
2081,Yell,Arkansas,5,149,5149,,
2083,Cherokee,North Carolina,37,39,37039,,
2084,Polk,Tennessee,47,139,47139,,
2085,Cumberland,North Carolina,37,51,37051,2018,1/2/2018 5:00
2086,Jones,North Carolina,37,103,37103,2021,
2089,Greenville,South Carolina,45,45,45045,,
2090,Union,North Carolina,37,179,37179,,
2091,Anson,North Carolina,37,7,37007,,
2092,Hoke,North Carolina,37,93,37093,,
2093,Spartanburg,South Carolina,45,83,45083,,
2094,Hyde,North Carolina,37,95,37095,,
2095,Duplin,North Carolina,37,61,37061,2015,1/2/2015 5:00
2096,Cherokee,South Carolina,45,21,45021,,
2102,Richmond,North Carolina,37,153,37153,,
2103,York,South Carolina,45,91,45091,,
2104,Clay,North Carolina,37,43,37043,,
2105,St. Francis,Arkansas,5,123,5123,,
2108,Perry,Arkansas,5,105,5105,,
2109,Scott,Arkansas,5,127,5127,,
2110,Prairie,Arkansas,5,117,5117,,
2111,Pickens,South Carolina,45,77,45077,,
2112,Lonoke,Arkansas,5,85,5085,,
2114,Craven,North Carolina,37,49,37049,,
2115,Lancaster,South Carolina,45,57,45057,,
2116,Oconee,South Carolina,45,73,45073,,
2118,Scotland,North Carolina,37,165,37165,,
2120,Pulaski,Arkansas,5,119,5119,,
2121,Lauderdale,Alabama,1,77,1077,,
2122,Limestone,Alabama,1,83,1083,,
2123,Monroe,Arkansas,5,95,5095,,
2124,Alcorn,Mississippi,28,3,28003,,
2125,Tishomingo,Mississippi,28,141,28141,,
2126,Tippah,Mississippi,28,139,28139,,
2127,Benton,Mississippi,28,9,28009,,
2128,DeSoto,Mississippi,28,33,28033,,
2129,Marshall,Mississippi,28,93,28093,,
2130,Rabun,Georgia,13,241,13241,2021,
2131,Madison,Alabama,1,89,1089,,
2132,Jackson,Alabama,1,71,1071,,
2133,Whitfield,Georgia,13,313,13313,,
2134,Murray,Georgia,13,213,13213,,
2135,Catoosa,Georgia,13,47,13047,,
2136,Dade,Georgia,13,83,13083,,
2137,Walker,Georgia,13,295,13295,,
2138,Towns,Georgia,13,281,13281,,
2139,Union,Georgia,13,291,13291,,
2140,Fannin,Georgia,13,111,13111,,
2141,Onslow,North Carolina,37,133,37133,2016,1/2/2016 5:00
2145,Robeson,North Carolina,37,155,37155,2016,1/2/2016 5:00
2146,Lee,Arkansas,5,77,5077,,
2147,Union,South Carolina,45,87,45087,,
2148,Colbert,Alabama,1,33,1033,,
2150,Tunica,Mississippi,28,143,28143,,
2151,Carteret,North Carolina,37,31,37031,,
2153,Saline,Arkansas,5,125,5125,,
2154,DeKalb,Alabama,1,49,1049,,
2157,Bladen,North Carolina,37,17,37017,2011,1/2/2011 5:00
2158,Gilmer,Georgia,13,123,13123,,
2159,Chester,South Carolina,45,23,45023,,
2160,Habersham,Georgia,13,137,13137,,
2161,Anderson,South Carolina,45,7,45007,,
2162,Chesterfield,South Carolina,45,25,45025,,
2163,Lawrence,Alabama,1,79,1079,,
2164,Marlboro,South Carolina,45,69,45069,,
2165,White,Georgia,13,311,13311,,
2166,Tate,Mississippi,28,137,28137,,
2167,Laurens,South Carolina,45,59,45059,,
2168,Garland,Arkansas,5,51,5051,,
2171,Prentiss,Mississippi,28,117,28117,,
2172,Montgomery,Arkansas,5,97,5097,,
2179,Polk,Arkansas,5,113,5113,,
2180,Pender,North Carolina,37,141,37141,2011,1/2/2011 5:00
2181,Lumpkin,Georgia,13,187,13187,,
2185,Morgan,Alabama,1,103,1103,,
2186,Stephens,Georgia,13,257,13257,,
2187,Phillips,Arkansas,5,107,5107,,
2190,Gordon,Georgia,13,129,13129,,
2191,Dillon,South Carolina,45,33,45033,2018,1/2/2018 5:00
2192,Dawson,Georgia,13,85,13085,,
2193,Kershaw,South Carolina,45,55,45055,,
2194,Union,Mississippi,28,145,28145,,
2195,Marshall,Alabama,1,95,1095,,
2198,Floyd,Georgia,13,115,13115,,
2199,Chattooga,Georgia,13,55,13055,,
2201,Franklin,Alabama,1,59,1059,,
2203,Arkansas,Arkansas,5,1,5001,,
2204,Lafayette,Mississippi,28,71,28071,,
2205,Panola,Mississippi,28,107,28107,,
2206,Fairfield,South Carolina,45,39,45039,,
2207,Pickens,Georgia,13,227,13227,,
2208,Franklin,Georgia,13,119,13119,,
2209,Coahoma,Mississippi,28,27,28027,,
2210,Darlington,South Carolina,45,31,45031,,
2211,Newberry,South Carolina,45,71,45071,2019,1/2/2019 5:00
2212,Cherokee,Alabama,1,19,1019,,
2213,Lee,Mississippi,28,81,28081,,
2215,Quitman,Mississippi,28,119,28119,,
2218,Hot Spring,Arkansas,5,59,5059,,
2221,Hall,Georgia,13,139,13139,,
2222,Grant,Arkansas,5,53,5053,,
2223,Jefferson,Arkansas,5,69,5069,2019,1/2/2019 5:00
2224,Hart,Georgia,13,147,13147,,
2225,Banks,Georgia,13,11,13011,,
2226,Abbeville,South Carolina,45,1,45001,,
2227,Columbus,North Carolina,37,47,37047,2011,1/2/2011 5:00
2228,Itawamba,Mississippi,28,57,28057,,
2230,Bartow,Georgia,13,15,13015,,
2231,Cherokee,Georgia,13,57,13057,2020,9/30/2020 0:00
2232,Greenwood,South Carolina,45,47,45047,,
2233,New Hanover,North Carolina,37,129,37129,2013,1/2/2013 5:00
2234,Pontotoc,Mississippi,28,115,28115,,
2235,Lee,South Carolina,45,61,45061,2018,1/2/2018 5:00
2236,Brunswick,North Carolina,37,19,37019,2012,1/2/2012 5:00
2237,Howard,Arkansas,5,61,5061,,
2238,Pike,Arkansas,5,109,5109,,
2240,Clark,Arkansas,5,19,5019,,
2242,Forsyth,Georgia,13,117,13117,,
2243,Marion,Alabama,1,93,1093,,
2245,Cullman,Alabama,1,43,1043,,
2247,Winston,Alabama,1,133,1133,,
2252,Florence,South Carolina,45,41,45041,2015,1/2/2015 5:00
2253,Horry,South Carolina,45,51,45051,2009,1/2/2009 5:00
2254,Jackson,Georgia,13,157,13157,,
2255,Marion,South Carolina,45,67,45067,2018,1/2/2018 5:00
2257,Elbert,Georgia,13,105,13105,,
2258,Madison,Georgia,13,195,13195,,
2259,Blount,Alabama,1,9,1009,,
2260,Richland,South Carolina,45,79,45079,2015,1/2/2015 5:00
2262,Etowah,Alabama,1,55,1055,,
2263,Sevier,Arkansas,5,133,5133,,
2264,Lexington,South Carolina,45,63,45063,2012,1/2/2012 5:00
2265,Yalobusha,Mississippi,28,161,28161,,
2266,Wichita,Texas,48,485,48485,,
2267,Fulton,Georgia,13,121,13121,2021,
2269,Lincoln,Arkansas,5,79,5079,,
2270,Saluda,South Carolina,45,81,45081,,
2271,Gwinnett,Georgia,13,135,13135,2021,
2272,Tallahatchie,Mississippi,28,135,28135,,
2273,Calhoun,Mississippi,28,13,28013,,
2276,Sumter,South Carolina,45,85,45085,2014,1/2/2014 5:00
2277,Dallas,Arkansas,5,39,5039,,
2278,Clay,Texas,48,77,48077,,
2279,Barrow,Georgia,13,13,13013,,
2280,Desha,Arkansas,5,41,5041,2021,
2281,Bolivar,Mississippi,28,11,28011,,
2282,Cobb,Georgia,13,67,13067,2020,8/4/2020 0:00
2283,Polk,Georgia,13,233,13233,,
2285,Monroe,Mississippi,28,95,28095,,
2286,Paulding,Georgia,13,223,13223,,
2287,Chickasaw,Mississippi,28,17,28017,,
2289,McCormick,South Carolina,45,65,45065,,
2291,Cleveland,Arkansas,5,25,5025,2016,1/2/2016 5:00
2292,Lamar,Alabama,1,75,1075,,
2293,Clarke,Georgia,13,59,13059,,
2294,Oglethorpe,Georgia,13,221,13221,,
2297,Hempstead,Arkansas,5,57,5057,,
2298,Walker,Alabama,1,127,1127,,
2299,Sunflower,Mississippi,28,133,28133,,
2300,Montague,Texas,48,337,48337,,
2301,Wilkes,Georgia,13,317,13317,,
2302,St. Clair,Alabama,1,115,1115,,
2303,Lincoln,Georgia,13,181,13181,,
2304,Edgefield,South Carolina,45,37,45037,,
2305,Calhoun,Alabama,1,15,1015,,
2306,Oconee,Georgia,13,219,13219,,
2307,DeKalb,Georgia,13,89,13089,2021,
2308,Red River,Texas,48,387,48387,,
2309,Nevada,Arkansas,5,99,5099,,
2310,Grayson,Texas,48,181,48181,,
2311,Cleburne,Alabama,1,29,1029,,
2313,Cooke,Texas,48,97,48097,,
2314,Little River,Arkansas,5,81,5081,,
2315,Clarendon,South Carolina,45,27,45027,,
2316,Lamar,Texas,48,277,48277,,
2317,Walton,Georgia,13,297,13297,,
2318,Fayette,Alabama,1,57,1057,,
2319,Haralson,Georgia,13,143,13143,,
2320,Grenada,Mississippi,28,43,28043,,
2321,Fannin,Texas,48,147,48147,,
2322,Williamsburg,South Carolina,45,89,45089,,
2323,Calhoun,South Carolina,45,17,45017,,
2324,Aiken,South Carolina,45,3,45003,2014,1/2/2014 5:00
2325,Jefferson,Alabama,1,73,1073,,
2330,Archer,Texas,48,9,48009,,
2335,Ouachita,Arkansas,5,103,5103,2020,9/16/2020 0:00
2336,Carroll,Georgia,13,45,13045,,
2337,Leflore,Mississippi,28,83,28083,,
2338,Clay,Mississippi,28,25,28025,,
2339,Morgan,Georgia,13,211,13211,,
2340,Calhoun,Arkansas,5,13,5013,,
2341,Douglas,Georgia,13,97,13097,,
2342,Drew,Arkansas,5,43,5043,2017,1/2/2017 5:00
2343,Rockdale,Georgia,13,247,13247,,
2345,Georgetown,South Carolina,45,43,45043,2012,1/2/2012 5:00
2346,Greene,Georgia,13,133,13133,,
2347,Lowndes,Mississippi,28,87,28087,,
2348,Newton,Georgia,13,217,13217,,
2349,Webster,Mississippi,28,155,28155,,
2350,Taliaferro,Georgia,13,265,13265,,
2351,Bradley,Arkansas,5,11,5011,2015,1/2/2015 5:00
2352,Orangeburg,South Carolina,45,75,45075,2009,1/2/2009 5:00
2353,Bowie,Texas,48,37,48037,2018,1/2/2018 5:00
2354,Columbia,Georgia,13,73,13073,2018,1/2/2018 5:00
2355,Talladega,Alabama,1,121,1121,,
2356,Carroll,Mississippi,28,15,28015,,
2357,Montgomery,Mississippi,28,97,28097,,
2358,McDuffie,Georgia,13,189,13189,2012,1/2/2012 5:00
2360,Clayton,Georgia,13,63,13063,,
2361,Henry,Georgia,13,151,13151,,
2362,Tuscaloosa,Alabama,1,125,1125,,
2363,Warren,Georgia,13,301,13301,2013,1/2/2013 5:00
2364,Miller,Arkansas,5,91,5091,2019,1/2/2019 5:00
2365,Oktibbeha,Mississippi,28,105,28105,,
2367,Chicot,Arkansas,5,17,5017,2019,1/2/2019 5:00
2368,Fayette,Georgia,13,113,13113,,
2369,Shelby,Alabama,1,117,1117,,
2370,Richmond,Georgia,13,245,13245,2009,1/2/2009 5:00
2371,Pickens,Alabama,1,107,1107,,
2372,Washington,Mississippi,28,151,28151,,
2373,Choctaw,Mississippi,28,19,28019,,
2374,Jasper,Georgia,13,159,13159,,
2375,Berkeley,South Carolina,45,15,45015,2009,1/2/2009 5:00
2376,Coweta,Georgia,13,77,13077,,
2378,Randolph,Alabama,1,111,1111,,
2379,Clay,Alabama,1,27,1027,,
2381,Delta,Texas,48,119,48119,,
2382,Barnwell,South Carolina,45,11,45011,2009,1/2/2009 5:00
2383,Lafayette,Arkansas,5,73,5073,2018,1/2/2018 5:00
2386,Putnam,Georgia,13,237,13237,,
2388,Jack,Texas,48,237,48237,,
2389,Hancock,Georgia,13,141,13141,,
2390,Columbia,Arkansas,5,27,5027,2017,1/2/2017 5:00
2391,Butts,Georgia,13,35,13035,,
2393,Wise,Texas,48,497,48497,,
2394,Denton,Texas,48,121,48121,,
2395,Bamberg,South Carolina,45,9,45009,2006,1/2/2006 5:00
2396,Heard,Georgia,13,149,13149,,
2397,Hunt,Texas,48,231,48231,,
2398,Collin,Texas,48,85,48085,,
2399,Ashley,Arkansas,5,3,5003,2018,1/2/2018 5:00
2400,Titus,Texas,48,449,48449,,
2403,Young,Texas,48,503,48503,,
2406,Franklin,Texas,48,159,48159,,
2408,Union,Arkansas,5,139,5139,2016,1/2/2016 5:00
2412,Holmes,Mississippi,28,51,28051,,
2414,Hopkins,Texas,48,223,48223,,
2415,Morris,Texas,48,343,48343,,
2416,Spalding,Georgia,13,255,13255,,
2417,Humphreys,Mississippi,28,53,28053,,
2418,Dorchester,South Carolina,45,35,45035,2008,1/2/2008 5:00
2419,Glascock,Georgia,13,125,13125,,
2420,Jefferson,Georgia,13,163,13163,2012,1/2/2012 5:00
2421,Cass,Texas,48,67,48067,2018,1/2/2018 5:00
2422,Burke,Georgia,13,33,13033,2012,1/2/2012 5:00
2423,Attala,Mississippi,28,7,28007,,
2424,Noxubee,Mississippi,28,103,28103,,
2425,Winston,Mississippi,28,159,28159,,
2426,Bibb,Alabama,1,7,1007,2018,1/2/2018 5:00
2427,Washington,Georgia,13,303,13303,2012,1/2/2012 5:00
2428,Meriwether,Georgia,13,199,13199,,
2429,Troup,Georgia,13,285,13285,,
2431,Lamar,Georgia,13,171,13171,,
2432,Monroe,Georgia,13,207,13207,,
2433,Pike,Georgia,13,231,13231,,
2434,Baldwin,Georgia,13,9,13009,,
2435,Jones,Georgia,13,169,13169,,
2436,Colleton,South Carolina,45,29,45029,2005,1/2/2005 5:00
2437,Greene,Alabama,1,63,1063,2013,1/2/2013 5:00
2438,Allendale,South Carolina,45,5,45005,2007,1/2/2007 5:00
2439,Chambers,Alabama,1,17,1017,,
2440,Tallapoosa,Alabama,1,123,1123,,
2441,Coosa,Alabama,1,37,1037,,
2442,Sharkey,Mississippi,28,125,28125,,
2443,Camp,Texas,48,63,48063,,
2444,Chilton,Alabama,1,21,1021,2019,1/2/2019 5:00
2446,Screven,Georgia,13,251,13251,2005,1/2/2005 5:00
2447,Yazoo,Mississippi,28,163,28163,,
2448,Hampton,South Carolina,45,49,45049,2005,1/2/2005 5:00
2449,Caddo,Louisiana,22,17,22017,,
2450,Charleston,South Carolina,45,19,45019,2006,1/2/2006 5:00
2451,Bossier,Louisiana,22,15,22015,,
2452,Issaquena,Mississippi,28,55,28055,,
2453,Webster,Louisiana,22,119,22119,,
2454,Claiborne,Louisiana,22,27,22027,2014,1/2/2014 5:00
2455,Union,Louisiana,22,111,22111,2014,1/2/2014 5:00
2456,Hale,Alabama,1,65,1065,2014,1/2/2014 5:00
2457,Wood,Texas,48,499,48499,,
2458,Morehouse,Louisiana,22,67,22067,,
2459,West Carroll,Louisiana,22,123,22123,,
2460,East Carroll,Louisiana,22,35,22035,,
2461,Wilkinson,Georgia,13,319,13319,2017,1/2/2017 5:00
2462,Palo Pinto,Texas,48,363,48363,,
2463,Upson,Georgia,13,293,13293,,
2464,Parker,Texas,48,367,48367,,
2465,Tarrant,Texas,48,439,48439,,
2466,Dallas,Texas,48,113,48113,,
2467,Rockwall,Texas,48,397,48397,,
2468,Sumter,Alabama,1,119,1119,2014,1/2/2014 5:00
2469,Rains,Texas,48,379,48379,,
2477,Stephens,Texas,48,429,48429,,
2479,Bibb,Georgia,13,21,13021,,
2480,Jenkins,Georgia,13,165,13165,2007,1/2/2007 5:00
2481,Neshoba,Mississippi,28,99,28099,,
2482,Leake,Mississippi,28,79,28079,,
2483,Kemper,Mississippi,28,69,28069,,
2484,Upshur,Texas,48,459,48459,,
2485,Twiggs,Georgia,13,289,13289,,
2486,Madison,Mississippi,28,89,28089,,
2487,Marion,Texas,48,315,48315,,
2488,Talbot,Georgia,13,263,13263,,
2489,Perry,Alabama,1,105,1105,2017,1/2/2017 5:00
2490,Harris,Georgia,13,145,13145,,
2491,Crawford,Georgia,13,79,13079,,
2492,Kaufman,Texas,48,257,48257,,
2493,Van Zandt,Texas,48,467,48467,,
2494,Emanuel,Georgia,13,107,13107,2009,1/2/2009 5:00
2495,Johnson,Georgia,13,167,13167,2012,1/2/2012 5:00
2496,Harrison,Texas,48,203,48203,,
2498,Elmore,Alabama,1,51,1051,,
2499,Lincoln,Louisiana,22,61,22061,2014,1/2/2014 5:00
2500,Jasper,South Carolina,45,53,45053,2004,1/2/2004 5:00
2501,Lee,Alabama,1,81,1081,,
2502,Taylor,Georgia,13,269,13269,,
2503,Ouachita,Louisiana,22,73,22073,2018,1/2/2018 5:00
2504,Laurens,Georgia,13,175,13175,2009,1/2/2009 5:00
2505,Autauga,Alabama,1,1,1001,,
2506,Dallas,Alabama,1,47,1047,2016,1/2/2016 5:00
2507,Smith,Texas,48,423,48423,,
2508,Peach,Georgia,13,225,13225,,
2509,Houston,Georgia,13,153,13153,2021,
2510,Richland,Louisiana,22,83,22083,,
2511,Gregg,Texas,48,183,48183,,
2512,Bulloch,Georgia,13,31,13031,2005,1/2/2005 5:00
2513,Scott,Mississippi,28,123,28123,,
2514,Warren,Mississippi,28,149,28149,,
2516,Muscogee,Georgia,13,215,13215,,
2517,Macon,Alabama,1,87,1087,,
2518,Rankin,Mississippi,28,121,28121,,
2519,Effingham,Georgia,13,103,13103,2005,1/2/2005 5:00
2520,Bienville,Louisiana,22,13,22013,2019,1/2/2019 5:00
2521,Lauderdale,Mississippi,28,75,28075,,
2522,Newton,Mississippi,28,101,28101,,
2523,Bleckley,Georgia,13,23,13023,,
2524,Hinds,Mississippi,28,49,28049,,
2525,Madison,Louisiana,22,65,22065,,
2526,Johnson,Texas,48,251,48251,,
2527,Marion,Georgia,13,197,13197,,
2528,Hood,Texas,48,221,48221,,
2529,Ellis,Texas,48,139,48139,,
2530,Candler,Georgia,13,43,13043,2009,1/2/2009 5:00
2531,Marengo,Alabama,1,91,1091,2011,1/2/2011 5:00
2532,Chattahoochee,Georgia,13,53,13053,,
2537,Eastland,Texas,48,133,48133,,
2542,Erath,Texas,48,143,48143,,
2543,Russell,Alabama,1,113,1113,,
2544,Macon,Georgia,13,193,13193,,
2545,Treutlen,Georgia,13,283,13283,2017,1/2/2017 5:00
2546,Montgomery,Alabama,1,101,1101,,
2547,Jackson,Louisiana,22,49,22049,,
2549,Dodge,Georgia,13,91,13091,2019,1/2/2019 5:00
2550,Schley,Georgia,13,249,13249,,
2551,Lowndes,Alabama,1,85,1085,,
2552,Franklin,Louisiana,22,41,22041,,
2553,Rusk,Texas,48,401,48401,,
2554,Pulaski,Georgia,13,235,13235,,
2555,Panola,Texas,48,365,48365,,
2556,Henderson,Texas,48,213,48213,,
2557,Montgomery,Georgia,13,209,13209,2012,1/2/2012 5:00
2558,Toombs,Georgia,13,279,13279,2008,1/2/2008 5:00
2559,De Soto,Louisiana,22,31,22031,,
2560,Navarro,Texas,48,349,48349,,
2561,Somervell,Texas,48,425,48425,,
2562,Choctaw,Alabama,1,23,1023,,
2563,Bullock,Alabama,1,11,1011,,
2564,Tattnall,Georgia,13,267,13267,2006,1/2/2006 5:00
2565,Wheeler,Georgia,13,309,13309,2012,1/2/2012 5:00
2566,Dooly,Georgia,13,93,13093,,
2567,Caldwell,Louisiana,22,21,22021,,
2568,Hill,Texas,48,217,48217,,
2569,Wilcox,Alabama,1,131,1131,2016,1/2/2016 5:00
2570,Evans,Georgia,13,109,13109,2006,1/2/2006 5:00
2571,Beaufort,South Carolina,45,13,45013,2004,1/2/2004 5:00
2572,Comanche,Texas,48,93,48093,,
2573,Tensas,Louisiana,22,107,22107,,
2574,Red River,Louisiana,22,81,22081,,
2575,Bryan,Georgia,13,29,13029,2005,1/2/2005 5:00
2576,Jasper,Mississippi,28,61,28061,,
2577,Clarke,Mississippi,28,23,28023,,
2578,Smith,Mississippi,28,129,28129,,
2579,Claiborne,Mississippi,28,21,28021,,
2580,Stewart,Georgia,13,259,13259,2020,9/30/2020 0:00
2581,Webster,Georgia,13,307,13307,2020,9/30/2020 0:00
2582,Sumter,Georgia,13,261,13261,2019,1/2/2019 5:00
2583,Bosque,Texas,48,35,48035,,
2584,Barbour,Alabama,1,5,1005,,
2585,Winn,Louisiana,22,127,22127,2018,1/2/2018 5:00
2586,Natchitoches,Louisiana,22,69,22069,2018,1/2/2018 5:00
2587,Cherokee,Texas,48,73,48073,2020,
2588,Telfair,Georgia,13,271,13271,2016,1/2/2016 5:00
2589,Wilcox,Georgia,13,315,13315,,
2591,Liberty,Georgia,13,179,13179,2005,1/2/2005 5:00
2600,Anderson,Texas,48,1,48001,,
2601,Pike,Alabama,1,109,1109,,
2602,Simpson,Mississippi,28,127,28127,,
2603,Crenshaw,Alabama,1,41,1041,,
2604,Copiah,Mississippi,28,29,28029,,
2605,Crisp,Georgia,13,81,13081,2019,1/2/2019 5:00
2606,Hamilton,Texas,48,193,48193,,
2607,Freestone,Texas,48,161,48161,,
2608,Long,Georgia,13,183,13183,2006,1/2/2006 5:00
2614,Clarke,Alabama,1,25,1025,,
2615,Quitman,Georgia,13,239,13239,2020,9/30/2020 0:00
2616,Shelby,Texas,48,419,48419,2019,1/2/2019 5:00
2617,Catahoula,Louisiana,22,25,22025,,
2618,Butler,Alabama,1,13,1013,,
2619,Jeff Davis,Georgia,13,161,13161,2010,1/2/2010 5:00
2620,Appling,Georgia,13,1,13001,2006,1/2/2006 5:00
2621,Terrell,Georgia,13,273,13273,2020,9/30/2020 0:00
2622,La Salle,Louisiana,22,59,22059,,
2623,Randolph,Georgia,13,243,13243,2020,9/30/2020 0:00
2624,Lee,Georgia,13,177,13177,2018,1/2/2018 5:00
2625,Wayne,Mississippi,28,153,28153,,
2626,Jefferson,Mississippi,28,63,28063,,
2627,McLennan,Texas,48,309,48309,,
2628,Chatham,Georgia,13,51,13051,2004,1/2/2004 5:00
2629,Worth,Georgia,13,321,13321,2019,1/2/2019 5:00
2630,Nacogdoches,Texas,48,347,48347,2020,9/25/2020 0:00
2631,Turner,Georgia,13,287,13287,,
2632,Sabine,Louisiana,22,85,22085,2020,8/17/2020 0:00
2633,Ben Hill,Georgia,13,17,13017,2016,1/2/2016 5:00
2634,Monroe,Alabama,1,99,1099,2019,1/2/2019 5:00
2635,Jones,Mississippi,28,67,28067,2019,11/18/2019 0:00
2636,Wayne,Georgia,13,305,13305,2006,1/2/2006 5:00
2637,Limestone,Texas,48,293,48293,,
2638,Coffee,Georgia,13,69,13069,2009,1/2/2009 5:00
2639,Grant,Louisiana,22,43,22043,2018,1/2/2018 5:00
2640,Covington,Mississippi,28,31,28031,2021,
2641,Henry,Alabama,1,67,1067,,
2642,Clay,Georgia,13,61,13061,2020,8/20/2020 0:00
2643,Jefferson Davis,Mississippi,28,65,28065,,
2644,Irwin,Georgia,13,155,13155,2016,1/2/2016 5:00
2645,Concordia,Louisiana,22,29,22029,,
2646,Lawrence,Mississippi,28,77,28077,,
2647,Adams,Mississippi,28,1,28001,,
2648,Conecuh,Alabama,1,35,1035,,
2650,Mills,Texas,48,333,48333,,
2651,Lincoln,Mississippi,28,85,28085,,
2652,Coryell,Texas,48,99,48099,,
2653,Bacon,Georgia,13,5,13005,2010,1/2/2010 5:00
2655,Washington,Alabama,1,129,1129,2017,1/2/2017 5:00
2656,McIntosh,Georgia,13,191,13191,2005,1/2/2005 5:00
2657,Dougherty,Georgia,13,95,13095,2017,1/2/2017 5:00
2659,San Augustine,Texas,48,405,48405,2020,12/29/2020 0:00
2663,Leon,Texas,48,289,48289,,
2664,Calhoun,Georgia,13,37,13037,2020,9/30/2020 0:00
2665,Coffee,Alabama,1,31,1031,,
2666,Dale,Alabama,1,45,1045,,
2667,Franklin,Mississippi,28,37,28037,,
2668,Sabine,Texas,48,403,48403,2019,1/2/2019 5:00
2669,Houston,Texas,48,225,48225,2020,8/13/2020 0:00
2670,Tift,Georgia,13,277,13277,2016,1/2/2016 5:00
2672,Covington,Alabama,1,39,1039,,
2674,Pierce,Georgia,13,229,13229,2007,1/2/2007 5:00
2675,Angelina,Texas,48,5,48005,2019,1/2/2019 5:00
2676,Falls,Texas,48,145,48145,,
2677,Early,Georgia,13,99,13099,2016,1/2/2016 5:00
2678,Rapides,Louisiana,22,79,22079,2019,1/2/2019 5:00
2680,San Saba,Texas,48,411,48411,,
2681,Berrien,Georgia,13,19,13019,2014,1/2/2014 5:00
2682,Ware,Georgia,13,299,13299,2008,1/2/2008 5:00
2683,Lampasas,Texas,48,281,48281,,
2684,Glynn,Georgia,13,127,13127,2006,1/2/2006 5:00
2685,Baker,Georgia,13,7,13007,2016,1/2/2016 5:00
2686,Mitchell,Georgia,13,205,13205,2017,1/2/2017 5:00
2687,Marion,Mississippi,28,91,28091,,
2688,Lamar,Mississippi,28,73,28073,,
2689,Forrest,Mississippi,28,35,28035,2016,5/27/2016 0:00
2690,Perry,Mississippi,28,111,28111,2015,1/2/2015 5:00
2691,Greene,Mississippi,28,41,28041,,
2692,Atkinson,Georgia,13,3,13003,2011,1/2/2011 5:00
2693,Trinity,Texas,48,455,48455,,
2695,Wilkinson,Mississippi,28,157,28157,,
2696,Vernon,Louisiana,22,115,22115,2017,1/2/2017 5:00
2697,Brantley,Georgia,13,25,13025,2007,1/2/2007 5:00
2698,Robertson,Texas,48,395,48395,,
2699,Amite,Mississippi,28,5,28005,2021,
2700,Pike,Mississippi,28,113,28113,,
2701,Walthall,Mississippi,28,147,28147,,
2702,Cook,Georgia,13,75,13075,2016,1/2/2016 5:00
2703,Avoyelles,Louisiana,22,9,22009,,
2704,Colquitt,Georgia,13,71,13071,2019,1/2/2019 5:00
2705,Houston,Alabama,1,69,1069,,
2706,Bell,Texas,48,27,48027,,
2707,Baldwin,Alabama,1,3,1003,2016,1/2/2016 5:00
2708,Escambia,Alabama,1,53,1053,,
2709,Miller,Georgia,13,201,13201,2016,1/2/2016 5:00
2710,Geneva,Alabama,1,61,1061,,
2711,Lanier,Georgia,13,173,13173,2010,1/2/2010 5:00
2712,Newton,Texas,48,351,48351,2020,11/6/2020 0:00
2713,Clinch,Georgia,13,65,13065,2008,1/2/2008 5:00
2714,Mobile,Alabama,1,97,1097,2011,1/2/2011 5:00
2715,Camden,Georgia,13,39,13039,2006,1/2/2006 5:00
2716,Jasper,Texas,48,241,48241,2015,1/2/2015 5:00
2717,Polk,Texas,48,373,48373,2019,1/2/2019 5:00
2718,Milam,Texas,48,331,48331,,
2720,Madison,Texas,48,313,48313,,
2724,Decatur,Georgia,13,87,13087,2014,1/2/2014 5:00
2725,Seminole,Georgia,13,253,13253,2014,1/2/2014 5:00
2726,Grady,Georgia,13,131,13131,2017,1/2/2017 5:00
2727,Thomas,Georgia,13,275,13275,2017,1/2/2017 5:00
2728,Brooks,Georgia,13,27,13027,2014,1/2/2014 5:00
2729,Charlton,Georgia,13,49,13049,2006,1/2/2006 5:00
2730,Tyler,Texas,48,457,48457,2016,1/2/2016 5:00
2731,Walker,Texas,48,471,48471,,
2732,Burnet,Texas,48,53,48053,,
2733,Lowndes,Georgia,13,185,13185,2010,1/2/2010 5:00
2734,Pointe Coupee,Louisiana,22,77,22077,,
2735,Pearl River,Mississippi,28,109,28109,,
2736,Washington,Louisiana,22,117,22117,,
2737,Tangipahoa,Louisiana,22,105,22105,,
2738,St. Helena,Louisiana,22,91,22091,2019,1/2/2019 5:00
2739,East Feliciana,Louisiana,22,37,22037,2019,1/2/2019 5:00
2740,George,Mississippi,28,39,28039,2013,1/2/2013 5:00
2741,West Feliciana,Louisiana,22,125,22125,,
2742,Jackson,Florida,12,63,12063,2013,1/2/2013 5:00
2743,Holmes,Florida,12,59,12059,2014,1/2/2014 5:00
2744,Evangeline,Louisiana,22,39,22039,,
2745,Walton,Florida,12,131,12131,2015,1/2/2015 5:00
2746,Brazos,Texas,48,41,48041,,
2748,Llano,Texas,48,299,48299,,
2749,Stone,Mississippi,28,131,28131,2015,1/2/2015 5:00
2750,Williamson,Texas,48,491,48491,,
2751,San Jacinto,Texas,48,407,48407,2020,12/29/2020 0:00
2752,Allen,Louisiana,22,3,22003,,
2753,Beauregard,Louisiana,22,11,22011,2017,1/2/2017 5:00
2754,Grimes,Texas,48,185,48185,,
2755,Echols,Georgia,13,101,13101,2012,1/2/2012 5:00
2756,St. Landry,Louisiana,22,97,22097,,
2757,Washington,Florida,12,133,12133,2013,1/2/2013 5:00
2758,Nassau,Florida,12,89,12089,2006,1/2/2006 5:00
2759,Jackson,Mississippi,28,59,28059,2009,1/2/2009 5:00
2760,Burleson,Texas,48,51,48051,,
2761,East Baton Rouge,Louisiana,22,33,22033,,
2763,Gadsden,Florida,12,39,12039,2015,1/2/2015 5:00
2764,St. Tammany,Louisiana,22,103,22103,,
2766,Leon,Florida,12,73,12073,2014,1/2/2014 5:00
2767,Harrison,Mississippi,28,47,28047,2014,1/2/2014 5:00
2768,Jefferson,Florida,12,65,12065,2014,1/2/2014 5:00
2771,West Baton Rouge,Louisiana,22,121,22121,,
2772,Livingston,Louisiana,22,63,22063,,
2773,Hancock,Mississippi,28,45,28045,,
2774,Madison,Florida,12,79,12079,2014,1/2/2014 5:00
2776,Travis,Texas,48,453,48453,,
2777,Montgomery,Texas,48,339,48339,,
2778,Hamilton,Florida,12,47,12047,2011,1/2/2011 5:00
2779,Calhoun,Florida,12,13,12013,2013,1/2/2013 5:00
2780,Liberty,Florida,12,77,12077,2016,1/2/2016 5:00
2781,Columbia,Florida,12,23,12023,2008,1/2/2008 5:00
2782,Baker,Florida,12,3,12003,2006,1/2/2006 5:00
2783,Duval,Florida,12,31,12031,2005,1/2/2005 5:00
2784,Bay,Florida,12,5,12005,2010,1/2/2010 5:00
2785,Lee,Texas,48,287,48287,,
2786,Hardin,Texas,48,199,48199,2015,1/2/2015 5:00
2787,Gillespie,Texas,48,171,48171,,
2788,Blanco,Texas,48,31,48031,,
2789,St. Martin,Louisiana,22,99,22099,,
2790,Iberville,Louisiana,22,47,22047,,
2791,Calcasieu,Louisiana,22,19,22019,,
2792,Jefferson Davis,Louisiana,22,53,22053,,
2793,Liberty,Texas,48,291,48291,,
2794,Acadia,Louisiana,22,1,22001,,
2795,Suwannee,Florida,12,121,12121,2009,1/2/2009 5:00
2796,Bastrop,Texas,48,21,48021,,
2797,Okaloosa,Florida,12,91,12091,2017,1/2/2017 5:00
2798,Santa Rosa,Florida,12,113,12113,2017,1/2/2017 5:00
2799,Washington,Texas,48,477,48477,,
2800,Escambia,Florida,12,33,12033,2016,1/2/2016 5:00
2801,Lafayette,Louisiana,22,55,22055,,
2802,Ascension,Louisiana,22,5,22005,,
2803,Hays,Texas,48,209,48209,,
2804,Taylor,Florida,12,123,12123,2013,1/2/2013 5:00
2805,St. John the Baptist,Louisiana,22,95,22095,,
2806,Wakulla,Florida,12,129,12129,2016,1/2/2016 5:00
2810,Lafayette,Florida,12,67,12067,2014,1/2/2014 5:00
2811,Waller,Texas,48,473,48473,,
2812,St. Johns,Florida,12,109,12109,2006,1/2/2006 5:00
2813,Orange,Texas,48,361,48361,,
2814,Gulf,Florida,12,45,12045,2017,1/2/2017 5:00
2815,Clay,Florida,12,19,12019,2006,1/2/2006 5:00
2816,Jefferson,Texas,48,245,48245,,
2817,Fayette,Texas,48,149,48149,,
2818,Harris,Texas,48,201,48201,,
2819,St. James,Louisiana,22,93,22093,,
2820,Orleans,Louisiana,22,71,22071,,
2821,Vermilion,Louisiana,22,113,22113,,
2822,Union,Florida,12,125,12125,2007,1/2/2007 5:00
2823,Bradford,Florida,12,7,12007,2006,1/2/2006 5:00
2824,Kendall,Texas,48,259,48259,,
2825,Austin,Texas,48,15,48015,,
2826,St. Charles,Louisiana,22,89,22089,,
2828,Assumption,Louisiana,22,7,22007,,
2829,Caldwell,Texas,48,55,48055,,
2830,Cameron,Louisiana,22,23,22023,,
2831,St. Bernard,Louisiana,22,87,22087,,
2832,Comal,Texas,48,91,48091,,
2833,Franklin,Florida,12,37,12037,2016,1/2/2016 5:00
2834,Colorado,Texas,48,89,48089,,
2835,St. Mary,Louisiana,22,101,22101,,
2836,Alachua,Florida,12,1,12001,2007,1/2/2007 5:00
2837,Gilchrist,Florida,12,41,12041,2011,1/2/2011 5:00
2838,Lafourche,Louisiana,22,57,22057,,
2840,Plaquemines,Louisiana,22,75,22075,,
2841,Chambers,Texas,48,71,48071,,
2842,Guadalupe,Texas,48,187,48187,,
2843,Putnam,Florida,12,107,12107,2007,1/2/2007 5:00
2844,Dixie,Florida,12,29,12029,2012,1/2/2012 5:00
2845,Fort Bend,Texas,48,157,48157,,
2846,Gonzales,Texas,48,177,48177,,
2847,Bexar,Texas,48,29,48029,,
2849,Flagler,Florida,12,35,12035,2009,1/2/2009 5:00
2850,Iberia,Louisiana,22,45,22045,,
2851,Lavaca,Texas,48,285,48285,,
2852,Wharton,Texas,48,481,48481,,
2855,Brazoria,Texas,48,39,48039,,
2856,Levy,Florida,12,75,12075,2010,1/2/2010 5:00
2857,Galveston,Texas,48,167,48167,,
2858,Marion,Florida,12,83,12083,2007,1/2/2007 5:00
2859,Wilson,Texas,48,493,48493,,
2860,Volusia,Florida,12,127,12127,2008,1/2/2008 5:00
2861,DeWitt,Texas,48,123,48123,,
2862,Terrebonne,Louisiana,22,109,22109,,
2863,Lake,Florida,12,69,12069,2010,1/2/2010 5:00
2864,Jackson,Texas,48,239,48239,,
2865,Atascosa,Texas,48,13,48013,,
2866,Matagorda,Texas,48,321,48321,,
2867,Karnes,Texas,48,255,48255,,
2868,Jefferson,Louisiana,22,51,22051,,
2869,Victoria,Texas,48,469,48469,,
2873,Citrus,Florida,12,17,12017,2009,1/2/2009 5:00
2874,Sumter,Florida,12,119,12119,2011,1/2/2011 5:00
2875,Goliad,Texas,48,175,48175,,
2876,Seminole,Florida,12,117,12117,2010,1/2/2010 5:00
2877,Live Oak,Texas,48,297,48297,,
2878,Orange,Florida,12,95,12095,2010,1/2/2010 5:00
2879,Bee,Texas,48,25,48025,,
2880,Hernando,Florida,12,53,12053,2013,1/2/2013 5:00
2882,McMullen,Texas,48,311,48311,,
2884,Brevard,Florida,12,9,12009,2007,1/2/2007 5:00
2885,Refugio,Texas,48,391,48391,,
2886,Pasco,Florida,12,101,12101,2013,1/2/2013 5:00
2887,Polk,Florida,12,105,12105,2010,1/2/2010 5:00
2888,Osceola,Florida,12,97,12097,2008,1/2/2008 5:00
2889,Calhoun,Texas,48,57,48057,,
2891,Pinellas,Florida,12,103,12103,2011,1/2/2011 5:00
2892,Hillsborough,Florida,12,57,12057,2012,1/2/2012 5:00
2893,San Patricio,Texas,48,409,48409,,
2894,Aransas,Texas,48,7,48007,,
2895,Duval,Texas,48,131,48131,,
2896,Jim Wells,Texas,48,249,48249,,
2897,Indian River,Florida,12,61,12061,2006,1/2/2006 5:00
2898,Nueces,Texas,48,355,48355,,
2899,Hardee,Florida,12,49,12049,2011,1/2/2011 5:00
2900,Highlands,Florida,12,55,12055,2009,1/2/2009 5:00
2901,Manatee,Florida,12,81,12081,2013,1/2/2013 5:00
2902,Okeechobee,Florida,12,93,12093,2008,1/2/2008 5:00
2903,Kleberg,Texas,48,273,48273,,
2904,St. Lucie,Florida,12,111,12111,2009,1/2/2009 5:00
2905,Sarasota,Florida,12,115,12115,2013,1/2/2013 5:00
2906,Jim Hogg,Texas,48,247,48247,,
2907,DeSoto,Florida,12,27,12027,2011,1/2/2011 5:00
2909,Brooks,Texas,48,47,48047,,
2910,Martin,Florida,12,85,12085,2009,1/2/2009 5:00
2911,Glades,Florida,12,43,12043,2012,1/2/2012 5:00
2912,Kenedy,Texas,48,261,48261,,
2913,Charlotte,Florida,12,15,12015,2013,1/2/2013 5:00
2914,Palm Beach,Florida,12,99,12099,2012,1/2/2012 5:00
2915,Hendry,Florida,12,51,12051,2014,1/2/2014 5:00
2916,Starr,Texas,48,427,48427,,
2917,Hidalgo,Texas,48,215,48215,,
2918,Lee,Florida,12,71,12071,2014,1/2/2014 5:00
2919,Willacy,Texas,48,489,48489,,
2920,Collier,Florida,12,21,12021,2014,1/2/2014 5:00
2921,Cameron,Texas,48,61,48061,,
2922,Broward,Florida,12,11,12011,2013,1/2/2013 5:00
2923,Miami-Dade,Florida,12,86,12086,2011,1/2/2011 5:00
2924,Monroe,Florida,12,87,12087,2014,1/2/2014 5:00
3133,Pittsylvania,Virginia,51,143,51143,,
3134,Danville,Virginia,51,590,51590,,
1850,Lipscomb,Texas,48,295,48295,,
1851,Sherman,Texas,48,421,48421,,
1853,Dallam,Texas,48,111,48111,,
1854,Hansford,Texas,48,195,48195,,
1863,Ochiltree,Texas,48,357,48357,,
1934,Roberts,Texas,48,393,48393,,
1935,Hemphill,Texas,48,211,48211,,
1937,Hutchinson,Texas,48,233,48233,,
1938,Hartley,Texas,48,205,48205,,
1940,Moore,Texas,48,341,48341,,
2016,Potter,Texas,48,375,48375,,
2017,Carson,Texas,48,65,48065,,
2018,Gray,Texas,48,179,48179,,
2019,Wheeler,Texas,48,483,48483,,
2020,Oldham,Texas,48,359,48359,,
2097,Randall,Texas,48,381,48381,,
2098,Armstrong,Texas,48,11,48011,,
2099,Collingsworth,Texas,48,87,48087,,
2100,Donley,Texas,48,129,48129,,
2101,Deaf Smith,Texas,48,117,48117,,
2173,Parmer,Texas,48,369,48369,,
2174,Castro,Texas,48,69,48069,,
2175,Swisher,Texas,48,437,48437,,
2176,Briscoe,Texas,48,45,48045,,
2177,Childress,Texas,48,75,48075,,
2178,Hall,Texas,48,191,48191,,
2202,Hardeman,Texas,48,197,48197,,
2229,Wilbarger,Texas,48,487,48487,,
2244,Motley,Texas,48,345,48345,,
2246,Cottle,Texas,48,101,48101,,
2248,Floyd,Texas,48,153,48153,,
2249,Hale,Texas,48,189,48189,,
2250,Lamb,Texas,48,279,48279,,
2251,Bailey,Texas,48,17,48017,,
2261,Foard,Texas,48,155,48155,,
2326,King,Texas,48,269,48269,,
2327,Dickens,Texas,48,125,48125,,
2328,Crosby,Texas,48,107,48107,,
2329,Lubbock,Texas,48,303,48303,,
2331,Hockley,Texas,48,219,48219,,
2332,Knox,Texas,48,275,48275,,
2333,Baylor,Texas,48,23,48023,,
2334,Cochran,Texas,48,79,48079,,
2401,Haskell,Texas,48,207,48207,,
2402,Throckmorton,Texas,48,447,48447,,
2404,Kent,Texas,48,263,48263,,
2405,Stonewall,Texas,48,433,48433,,
2409,Garza,Texas,48,169,48169,,
2410,Lynn,Texas,48,305,48305,,
2411,Terry,Texas,48,445,48445,,
2413,Yoakum,Texas,48,501,48501,,
2471,Shackelford,Texas,48,417,48417,,
2472,Jones,Texas,48,253,48253,,
2473,Fisher,Texas,48,151,48151,,
2474,Scurry,Texas,48,415,48415,,
2475,Borden,Texas,48,33,48033,,
2476,Dawson,Texas,48,115,48115,,
2478,Gaines,Texas,48,165,48165,,
2534,Taylor,Texas,48,441,48441,,
2535,Howard,Texas,48,227,48227,,
2536,Mitchell,Texas,48,335,48335,,
2538,Callahan,Texas,48,59,48059,,
2539,Martin,Texas,48,317,48317,,
2540,Andrews,Texas,48,3,48003,,
2541,Nolan,Texas,48,353,48353,,
2590,Sterling,Texas,48,431,48431,,
2592,Glasscock,Texas,48,173,48173,,
2593,Midland,Texas,48,329,48329,,
2594,Coke,Texas,48,81,48081,,
2595,Winkler,Texas,48,495,48495,,
2596,Ector,Texas,48,135,48135,,
2597,Runnels,Texas,48,399,48399,,
2598,Coleman,Texas,48,83,48083,,
2599,Brown,Texas,48,49,48049,,
2609,Culberson,Texas,48,109,48109,,
2610,Reeves,Texas,48,389,48389,,
2611,Loving,Texas,48,301,48301,,
2612,Hudspeth,Texas,48,229,48229,,
2613,El Paso,Texas,48,141,48141,,
2654,Tom Green,Texas,48,451,48451,,
2658,Ward,Texas,48,475,48475,,
2660,Crane,Texas,48,103,48103,,
2661,Upton,Texas,48,461,48461,,
2662,Reagan,Texas,48,383,48383,,
2671,Concho,Texas,48,95,48095,,
2673,Irion,Texas,48,235,48235,,
2679,McCulloch,Texas,48,307,48307,,
2694,Pecos,Texas,48,371,48371,,
2719,Jeff Davis,Texas,48,243,48243,,
2721,Schleicher,Texas,48,413,48413,,
2722,Menard,Texas,48,327,48327,,
2723,Crockett,Texas,48,105,48105,,
2747,Mason,Texas,48,319,48319,,
2762,Kimble,Texas,48,267,48267,,
2765,Sutton,Texas,48,435,48435,,
2769,Brewster,Texas,48,43,48043,,
2770,Terrell,Texas,48,443,48443,,
2775,Presidio,Texas,48,377,48377,,
2807,Edwards,Texas,48,137,48137,,
2808,Val Verde,Texas,48,465,48465,,
2809,Kerr,Texas,48,265,48265,,
2827,Real,Texas,48,385,48385,,
2839,Bandera,Texas,48,19,48019,,
2848,Medina,Texas,48,325,48325,,
2853,Uvalde,Texas,48,463,48463,,
2854,Kinney,Texas,48,271,48271,,
2870,Zavala,Texas,48,507,48507,,
2871,Frio,Texas,48,163,48163,,
2872,Maverick,Texas,48,323,48323,,
2881,La Salle,Texas,48,283,48283,,
2883,Dimmit,Texas,48,127,48127,,
2890,Webb,Texas,48,479,48479,,
2908,Zapata,Texas,48,505,48505,,
